model,roc_auc,pr_auc_average_precision,brier_score,positives,n,lambda_ai,pos_weight,degree,train_seconds
AI-guided VC Student,0.5629281836966279,0.01375661546741808,0.12568609335161873,48,19729,0.0,5.0,3,0.38458824157714844
AI-guided VC Student,0.5959142065951933,0.004875947016820567,0.33002340668170727,48,19729,0.05,20.0,3,0.33144092559814453
AI-guided VC Student,0.6451960859034941,0.004082544405207058,0.14014098725477792,48,19729,0.05,5.0,3,0.29718828201293945
AI-guided VC Student,0.6033854563623122,0.003944327305537769,0.199366475768378,48,19729,0.0,10.0,3,0.3721024990081787
AI-guided VC Student,0.5932291931304303,0.0038174662567332235,0.15808138094864083,48,19729,0.2,10.0,3,0.30117011070251465
AI-guided VC Student,0.5806340294361737,0.0037506538915570075,0.19739464984302063,48,19729,0.05,10.0,3,0.31078028678894043
AI-guided VC Student,0.5698251697915078,0.003496166802631382,0.3613812969996454,48,19729,0.0,20.0,3,0.34889864921569824
AI-guided VC Student,0.5606829979845197,0.0032490426168656898,0.2990368605516252,48,19729,0.2,20.0,3,0.3141493797302246
AI-guided VC Student,0.543573116203445,0.0027299534338335774,0.11496723720358712,48,19729,0.2,5.0,3,0.3031747341156006
