model,roc_auc,pr_auc_average_precision,brier_score,positives,n,n_estimators,num_leaves,learning_rate,reg_lambda,scale_pos_weight
LightGBM Teacher cfg2,0.6868045322900259,0.005923421168843684,0.002424826955843724,48,19729,300.0,4.0,0.025,5.0,1.0
LightGBM Teacher cfg0,0.6619058355774605,0.005324479935158459,0.005306847698061692,48,19729,250.0,4.0,0.02,5.0,20.2532874411517
LightGBM Teacher cfg1,0.6598760649018511,0.005282322040229296,0.004782998869991235,48,19729,400.0,8.0,0.015,10.0,20.2532874411517
Neural MLP Teacher,0.6460249309825042,0.004957465082947939,0.2918331932549429,48,19729,,,,,
