model,roc_auc,pr_auc_average_precision,brier_score,positives,n,lambda_ai,pos_weight,degree,train_seconds
AI-guided VC Student,0.5629287129719018,0.013756615467418078,0.12568610460807567,48,19729,0.0,5.0,3,0.4191153049468994
AI-guided VC Student,0.5959142065951932,0.004875947016820566,0.33002341022286497,48,19729,0.05,20.0,3,0.39112305641174316
AI-guided VC Student,0.6451960859034941,0.004082544405207058,0.1401409808247292,48,19729,0.05,5.0,3,0.38979482650756836
AI-guided VC Student,0.6033854563623122,0.003944327305537768,0.19936647433556615,48,19729,0.0,10.0,3,0.38604259490966797
AI-guided VC Student,0.5932286638551564,0.003817466256733224,0.1580813709277945,48,19729,0.2,10.0,3,0.4240686893463135
AI-guided VC Student,0.5806340294361737,0.0037506538915570075,0.19739464827663764,48,19729,0.05,10.0,3,0.3814065456390381
AI-guided VC Student,0.5698251697915079,0.0034961668026313817,0.3613813009573636,48,19729,0.0,20.0,3,0.38332080841064453
AI-guided VC Student,0.5606829979845198,0.0032490426168656898,0.2990368833908246,48,19729,0.2,20.0,3,0.40358400344848633
AI-guided VC Student,0.543573116203445,0.0027299534338335774,0.11496723595745445,48,19729,0.2,5.0,3,0.39203906059265137
